<?xml version="1.0" encoding="UTF-8" standalone="yes"?>
<addon id="plugin.program.kodishclient" name="Kodish Client" version="1.0" provider-name="Kodish Team"> 
<requires>
    <import addon="xbmc.python" version="3.0.0"/>
</requires>  
<extension point="xbmc.python.pluginsource" library="default.py">
	<provides>executable</provides>
</extension>  
<extension point="xbmc.addon.metadata">
    <summary lang="en">Cliente configuração de Fontes da Kodish</summary>
    <description></description>
    <platform>all</platform>
	<assets>
       <icon>icon.png</icon>
       <fanart>fanart.jpg</fanart>
    </assets>
	<news>
	</news>
</extension>
</addon>